adf_stat,adf_pvalue,arima_p,arima_d,arima_q,rmse_arima,rmse_naive
-1.5473148793074927,0.5099891694067975,1,0,3,0.005954907027463277,0.002570793560116983
