breusch_pagan_lm,breusch_pagan_lm_pvalue,breusch_pagan_f,breusch_pagan_f_pvalue
415.64545241250335,1.1574828255078171e-88,130.64147063266523,2.9399135330000113e-99
