model,r2_test,rmse_test
OLS,-2.668419918995004,0.006049422460852448
RandomForest,-2.3672160724800424,0.0057957532294233526
