feature,importance
zori_growth,0.4343727967584414
income_log,0.2764546873506272
inventory_growth,0.1594051034002944
storm_x_income_l1,0.09517415391787493
hurricane_count_l1,0.034593258572762006
