Variable,VIF
storm_x_income_l1,1.380637398195733
income_log,1.5279520773475401
zori_growth,1.2749588817947148
inventory_growth,1.0994542023548155
