Year,Storm,Closest Distance (NM),Max Wind (kt),Min Pressure (mb)
2022,IAN,49.79877518249548,140,929
2004,FRANCES,61.02869064280646,100,942
2023,IDALIA,64.17496951742567,95,960
2004,CHARLEY,72.24878442388977,115,924
2004,JEANNE,80.09396369321611,90,956
2017,IRMA,180.3050902392865,160,914
2005,ARLENE,240.97035765528162,75,974
